{
    "playerPosition": {
        "x": 5.002466678619385,
        "y": 1.079993724822998,
        "z": -4.879793643951416
    }
}